iso,target_emissions,target_deforestation
IDN,198.44,521996.0
COG,9.202262991,14594.16161
BRA,229.5,965000.0
PER,23.46251872,67526.67565
UGA,5.5,18590.0
BRN,0.452,1359.0
TLS,0.487,1563.0
CMR,16.183,48575.0
MYS,42.733,122938.0
COD,46.484,110488.0
GAB,7.472,19412.0
CAF,13.53,48080.0
GNQ,1.635,4776.0
PNG,23.386,62686.0
BDI,0.211,1190.0
RWA,0.252,1257.0
SGP,0.008,42.0